date,workflow,outcome,channel,runs_total
2026-10-02,authors-suggest,failed,dev,0
2026-10-02,authors-suggest,failed,release,0
2026-10-02,authors-suggest,nothing,dev,0
2026-10-02,authors-suggest,nothing,release,0
2026-10-02,authors-suggest,proposed,dev,0
2026-10-02,authors-suggest,proposed,release,0
2026-10-02,datashield-analysis-suggest,failed,dev,0
2026-10-02,datashield-analysis-suggest,failed,release,0
2026-10-02,datashield-analysis-suggest,nothing,dev,0
2026-10-02,datashield-analysis-suggest,nothing,release,0
2026-10-02,datashield-analysis-suggest,proposed,dev,0
2026-10-02,datashield-analysis-suggest,proposed,release,0
2026-10-02,roxygen-suggest,failed,dev,0
2026-10-02,roxygen-suggest,failed,release,0
2026-10-02,roxygen-suggest,nothing,dev,0
2026-10-02,roxygen-suggest,nothing,release,0
2026-10-02,roxygen-suggest,proposed,dev,0
2026-10-02,roxygen-suggest,proposed,release,0
2026-10-02,test-suggest,failed,dev,0
2026-10-02,test-suggest,failed,release,0
2026-10-02,test-suggest,nothing,dev,0
2026-10-02,test-suggest,nothing,release,0
2026-10-02,test-suggest,proposed,dev,0
2026-10-02,test-suggest,proposed,release,0
